id,long,lat,name
1,-0.109970527,51.52916347,"River Street , Clerkenwell"
2,-0.197574246,51.49960695,"Phillimore Gardens, Kensington"
3,-0.084605692,51.52128377,"Christopher Street, Liverpool Street"
4,-0.120973687,51.53005939,"St. Chad's Street, King's Cross"
5,-0.156876,51.49313,"Sedding Street, Sloane Square"
6,-0.144228881,51.51811784,"Broadcasting House, Marylebone"
7,-0.1680743,51.53430039,"Charlbert Street, St. John's Wood"
8,-0.170134484,51.52834133,"Lodge Road, St. John's Wood"
9,-0.096440751,51.5073853,"New Globe Walk, Bankside"
10,-0.092754157,51.50597426,"Park Street, Bankside"
11,-0.122502346,51.52395143,"Brunswick Square, Bloomsbury"
12,-0.130431727,51.52168078,"Malet Street, Bloomsbury"
13,-0.136039674,51.51991453,"Scala Street, Fitzrovia"
14,-0.123616824,51.52994371,"Belgrove Street , King's Cross"
15,-0.127854211,51.51772703,"Great Russell Street, Bloomsbury"
16,-0.125979294,51.52635795,"Cartwright Gardens , Bloomsbury"
17,-0.109006325,51.5216612,"Hatton Wall, Holborn"
18,-0.12221963,51.51477076,"Drury Lane, Covent Garden"
19,-0.131161087,51.52505093,"Taviton Street, Bloomsbury"
20,-0.135273468,51.52773634,"Drummond Street , Euston"
21,-0.13884627,51.53007835,"Hampstead Road (Cartmel), Euston"
22,-0.114079481,51.5222641,"Northington Street , Holborn"
23,-0.119123345,51.51943538,"Red Lion Square, Holborn"
24,-0.124678402,51.51908011,"British Museum, Bloomsbury"
25,-0.132250369,51.5288338,"Doric Way , Somers Town"
26,-0.11829517,51.52728093,"Ampton Street , Clerkenwell"
27,-0.107927706,51.51382102,"Bouverie Street, Temple"
28,-0.143613641,51.52351808,"Bolsover Street, Fitzrovia"
29,-0.193487,51.513735,"Hereford Road, Bayswater"
30,-0.093421615,51.52915444,"Windsor Terrace, Hoxton"
32,-0.084439283,51.52469624,"Leonard Circus , Shoreditch"
34,-0.129386874,51.5341235,"Pancras Road, King's Cross"
36,-0.184980612,51.50173726,"De Vere Gardens, Kensington"
37,-0.192369256,51.49159394,"Penywern Road, Earl's Court"
38,-0.197245586,51.4973875,"Abingdon Villas, Kensington"
39,-0.078130921,51.5263778,"Shoreditch High Street, Shoreditch"
40,-0.0755789,51.52127071,"Commercial Street, Shoreditch"
41,-0.083911168,51.52001715,"Sun Street, Liverpool Street"
42,-0.093903825,51.53099181,"Wenlock Road , Hoxton"
43,-0.157183945,51.52026,"Crawford Street, Marylebone"
44,-0.144165239,51.51073687,"Bruton Street, Mayfair"
45,-0.162298,51.522511,"Boston Place, Marylebone"
46,-0.06691,51.507131,"Nesham Street, Wapping"
47,-0.183846408,51.52334476,"Warwick Avenue Station, Maida Vale"
48,-0.099141408,51.51248445,"Godliman Street, St. Paul's"
49,-0.145904427,51.50706909,"Curzon Street, Mayfair"
50,-0.087459376,51.52867339,"East Road, Hoxton"
51,-0.104298194,51.52671796,"Finsbury Library , Finsbury"
52,-0.094934859,51.52295439,"Roscoe Street, St. Luke's"
54,-0.094475072,51.52174785,"Golden Lane, Barbican"
55,-0.086685542,51.51707521,"Finsbury Circus, Liverpool Street"
56,-0.154701411,51.52058381,"Paddington Street, Marylebone"
57,-0.120202614,51.52334672,"Guilford Street , Bloomsbury"
58,-0.079248081,51.52452699,"New Inn Yard, Shoreditch"
59,-0.114329032,51.53176825,"Rodney Street, Angel"
60,-0.172190727,51.52644828,"Lisson Grove, St. John's Wood"
61,-0.089446947,51.49738251,"Great Dover Street, The Borough"
62,-0.106323685,51.4907579,"Cotton Garden Estate, Kennington"
63,-0.089782579,51.53089041,"Murray Grove , Hoxton"
64,-0.124749274,51.50946212,"William IV Street, Strand"
65,-0.13518856,51.52522753,"Gower Place , Euston"
66,-0.108657431,51.51795029,"Holborn Circus, Holborn"
67,-0.108028472,51.51882555,"Hatton Garden, Holborn"
68,-0.116688468,51.52059681,"Theobald's Road , Holborn"
69,-0.134407652,51.5262363,"Euston Road, Euston"
70,-0.117069978,51.53136059,"Calshot Street , King's Cross"
71,-0.098850915,51.5154186,"Newgate Street , St. Paul's"
72,-0.108340165,51.52352001,"Farringdon Lane, Clerkenwell"
73,-0.088486188,51.52572618,"Old Street Station, St. Luke's"
74,-0.124469948,51.48591714,"Vauxhall Cross, Vauxhall"
75,-0.105480698,51.53219984,"Torrens Street, Angel"
76,-0.144083893,51.52559505,"Longford Street, The Regent's Park"
77,-0.124121774,51.52341837,"Russell Square Station, Bloomsbury"
78,-0.099489485,51.52486887,"Sadlers Sports Centre, Finsbury"
81,-0.141327271,51.52025302,"Great Titchfield Street, Fitzrovia"
82,-0.111257,51.514274,"Chancery Lane, Holborn"
83,-0.131510949,51.50963938,"Panton Street, West End"
84,-0.111778348,51.51593725,"Breams Buildings, Holborn"
85,-0.078600401,51.50064702,"Tanner Street, Bermondsey"
86,-0.115156562,51.48947903,"Sancroft Street, Vauxhall"
87,-0.079684557,51.51646835,"Devonshire Square, Liverpool Street"
88,-0.132053392,51.51858757,"Bayley Street , Bloomsbury"
89,-0.123509611,51.5262503,"Tavistock Place, Bloomsbury"
90,-0.139174593,51.53301907,"Harrington Square 1, Camden Town"
91,-0.111014912,51.49368637,"Walnut Tree Walk, Vauxhall"
92,-0.100440521,51.49889832,"Borough Road, Elephant & Castle"
93,-0.109025404,51.53440868,"Cloudesley Road, Angel"
94,-0.085814489,51.49506109,"Bricklayers Arms, Borough"
95,-0.097340162,51.5208417,"Aldersgate Street, Barbican"
96,-0.078505384,51.53095071,"Falkirk Street, Hoxton"
97,-0.183834706,51.49792478,"Gloucester Road (North), Kensington"
98,-0.138231303,51.52554222,"Hampstead Road, Euston"
99,-0.158264483,51.51457763,"Old Quebec Street, Marylebone"
100,-0.122806861,51.49043573,"Albert Embankment, Vauxhall"
101,-0.0929401,51.51155322,"Queen Street 1, Bank"
102,-0.076793375,51.51340693,"Jewry Street, Aldgate"
103,-0.192538767,51.50472376,"Vicarage Gate, Kensington"
104,-0.077121322,51.51159481,"Crosswall, Tower"
105,-0.190240716,51.51552971,"Westbourne Grove, Bayswater"
106,-0.147301667,51.51410514,"Woodstock Street, Mayfair"
107,-0.096317627,51.52600832,"Finsbury Leisure Centre, St. Luke's"
108,-0.132102166,51.49812559,"Abbey Orchard Street, Westminster"
109,-0.132328837,51.51563144,"Soho Square , Soho"
110,-0.172528678,51.53304322,"Wellington Road, St. John's Wood"
111,-0.157275636,51.5100172,"Park Lane , Hyde Park"
112,-0.105270275,51.51580998,"Stonecutter Street, Holborn"
113,-0.183289032,51.49646288,"Gloucester Road (Central), South Kensington"
114,-0.158963647,51.52451738,"Park Road (Baker Street), The Regent's Park"
115,-0.073537654,51.51423368,"Braham Street, Aldgate"
116,-0.141423695,51.51449962,"Little Argyll Street, West End"
117,-0.114934001,51.49288067,"Lollard Street, Vauxhall"
118,-0.13547809,51.49582705,"Rochester Row, Westminster"
119,-0.090847761,51.52589324,"Bath Street, St. Luke's"
120,-0.093080779,51.51573534,"The Guildhall, Guildhall"
121,-0.156166631,51.51891348,"Baker Street, Marylebone"
122,-0.078869751,51.52111369,"Norton Folgate, Liverpool Street"
123,-0.104724625,51.52836014,"St. John Street, Finsbury"
124,-0.150905245,51.49654462,"Eaton Square, Belgravia"
125,-0.094524319,51.50069491,"Borough High Street, The Borough"
126,-0.096496865,51.51782144,"Museum of London, Barbican"
127,-0.09388536,51.51700801,"Wood Street, Guildhall"
128,-0.185296516,51.49536226,"Emperor's Gate, South Kensington"
129,-0.137043852,51.5118973,"Golden Square, Soho"
130,-0.075459482,51.50950627,"Tower Gardens , Tower"
131,-0.136792671,51.53300545,"Eversholt Street , Camden Town"
132,-0.074754872,51.52364804,"Bethnal Green Road, Shoreditch"
133,-0.191462381,51.50136494,"Derry Street, Kensington"
134,-0.06797,51.504904,"Wapping High Street, Wapping"
135,-0.104708922,51.52326004,"Clerkenwell Green, Clerkenwell"
136,-0.097441687,51.51196176,"Queen Victoria Street, St. Paul's"
137,-0.153319609,51.49087475,"Bourne Street, Belgravia"
138,-0.157436972,51.51227622,"Green Street, Mayfair"
139,-0.117974901,51.49488108,"Lambeth Road, Vauxhall"
140,-0.085634242,51.52096262,"Finsbury Square , Moorgate"
141,-0.147203711,51.51530805,"Chapel Place, Marylebone"
142,-0.198286569,51.49372451,"West Cromwell Road, Earl's Court"
143,-0.161203828,51.4968865,"Pont Street, Knightsbridge"
144,-0.111435796,51.48894022,"Kennington Cross, Kennington"
145,-0.202759212,51.50074359,"Ilchester Place, Kensington"
146,-0.129361842,51.48836528,"Vauxhall Bridge , Pimlico"
147,-0.11614642,51.51494305,"Portugal Street, Holborn"
148,-0.138364847,51.49211134,"Tachbrook Street, Victoria"
149,-0.110683213,51.48478899,"Kennington Road Post Office, Oval"
150,-0.168917077,51.49705603,"Holy Trinity Brompton, Knightsbridge"
151,-0.201554966,51.51213691,"Chepstow Villas, Notting Hill"
152,-0.101536865,51.49217002,"Hampton Street, Walworth"
153,-0.174292825,51.51183419,"Bayswater Road, Hyde Park"
154,-0.11282408,51.50379168,"Waterloo Station 3, Waterloo"
155,-0.191933711,51.49586666,"Lexham Gardens, Kensington"
156,-0.092921165,51.49443626,"New Kent Road, The Borough"
157,-0.193068385,51.50039792,"Wright's Lane, Kensington"
158,-0.196170309,51.49085368,"Trebovir Road, Earl's Court"
159,-0.137841333,51.51461995,"Great Marlborough Street, Soho"
160,-0.131773845,51.50663341,"Waterloo Place, St. James's"
161,-0.141334487,51.49234577,"Guildhouse Street, Victoria"
163,-0.167894973,51.4931848,"Sloane Avenue, Knightsbridge"
164,-0.183118788,51.515607,"Cleveland Gardens, Bayswater"
165,-0.183716959,51.517932,"Orsett Terrace, Bayswater"
166,-0.159237081,51.50185512,"Seville Street, Knightsbridge"
167,-0.147624377,51.49395092,"Eccleston Place, Victoria"
168,-0.195455928,51.50040123,"Argyll Road, Kensington"
169,-0.165164288,51.51474612,"Porchester Place, Paddington"
170,-0.108068155,51.52784273,"Hardwick Street, Clerkenwell"
171,-0.186753859,51.4916156,"Collingham Gardens, Earl's Court"
172,-0.173715911,51.49121192,"Sumner Place, South Kensington"
173,-0.113001,51.50486,"Waterloo Road, South Bank"
174,-0.115163,51.512529,"Strand, Strand"
175,-0.0811189,51.52174384,"Appold Street, Liverpool Street"
176,-0.188098863,51.51791921,"Gloucester Terrace, Bayswater"
177,-0.140947636,51.49616092,"Ashley Place, Victoria"
178,-0.141923621,51.48985626,"Warwick Square, Pimlico"
180,-0.153645496,51.5129118,"North Audley Street, Mayfair"
181,-0.152317537,51.49941247,"Belgrave Square, Belgravia"
182,-0.165842551,51.52202903,"Bell Street , Marylebone"
183,-0.13612398,51.482362,"Riverlight North, Nine Elms"
184,-0.14521173,51.52071513,"Portland Place, Marylebone"
185,-0.140741432,51.48805753,"Alderney Street, Pimlico"
186,-0.175810943,51.51733558,"South Wharf Road, Paddington"
187,-0.178433004,51.49247977,"Queen's Gate (South), South Kensington"
188,-0.164393768,51.5165179,"Nutford Place, Marylebone"
189,-0.109914711,51.53166681,"Claremont Square, Angel"
190,-0.132845681,51.48997562,"Rampayne Street, Pimlico"
191,-0.153520935,51.50311799,"Hyde Park Corner, Hyde Park"
192,-0.133201961,51.51251523,"Wardour Street, Soho"
193,-0.100186337,51.50581776,"Bankside Mix, Bankside"
194,-0.091773776,51.50462759,"Hop Exchange, The Borough"
195,-0.106237501,51.50724437,"Milroy Walk, South Bank"
196,-0.098497684,51.50368837,"Union Street, The Borough"
197,-0.111606696,51.50556905,"Stamford Street, South Bank"
199,-0.082989638,51.51048489,"Great Tower Street, Monument"
200,-0.066078037,51.51492456,"LMU Commercial Road, Whitechapel"
201,-0.161113413,51.5225965,"Dorset Square, Marylebone"
202,-0.06954201,51.51236389,"Leman Street, Aldgate"
203,-0.100791005,51.51821864,"West Smithfield Rotunda, Farringdon"
204,-0.112432615,51.52659961,"Margery Street, Clerkenwell"
207,-0.153194766,51.50135267,"Grosvenor Crescent, Belgravia"
208,-0.166304359,51.52505151,"Mallory Street, Marylebone"
209,-0.165101392,51.49358391,"Denyer Street, Knightsbridge"
210,-0.151926305,51.51681444,"Hinde Street, Marylebone"
211,-0.158105512,51.49464523,"Cadogan Place, Knightsbridge"
212,-0.199004026,51.50658458,"Campden Hill Road, Notting Hill"
213,-0.149569201,51.50274025,"Wellington Arch, Hyde Park"
214,-0.130504336,51.52683806,"Endsleigh Gardens, Euston"
215,-0.088285377,51.51906932,"Moorfields, Moorgate"
216,-0.181190899,51.49094565,"Old Brompton Road, South Kensington"
217,-0.082422399,51.51615461,"Wormwood Street, Liverpool Street"
218,-0.170194408,51.48971651,"St. Luke's Church, Chelsea"
219,-0.19039362,51.49016361,"Bramham Gardens, Earl's Court"
220,-0.166485083,51.49066456,"Chelsea Green, Chelsea"
221,-0.13045856,51.49481649,"Horseferry Road, Westminster"
222,-0.155349725,51.50275704,"Knightsbridge, Hyde Park"
223,-0.090220911,51.49148474,"Rodney Road , Walworth"
224,-0.188129731,51.51476963,"Whiteley's, Bayswater"
225,-0.196422,51.50935342,"Notting Hill Gate Station, Notting Hill"
227,-0.115480888,51.52891573,"Great Percy Street, Clerkenwell"
228,-0.134621209,51.50742485,"St. James's Square, St. James's"
229,-0.123179697,51.50654321,"Whitehall Place, Strand"
230,-0.103137426,51.50669284,"Poured Lines, Bankside"
231,-0.17873226,51.49396755,"Queen's Gate (Central), South Kensington"
232,-0.112753217,51.51501025,"Carey Street, Holborn"
233,-0.130699733,51.50777049,"Pall Mall East, West End"
234,-0.106992706,51.53450449,"Liverpool Road (N1 Centre), Angel"
235,-0.110889274,51.49571828,"Kennington Road  , Vauxhall"
236,-0.073438925,51.51838043,"Fashion Street, Whitechapel"
237,-0.067176443,51.5084448,"Vaughan Way, Wapping"
238,-0.175116099,51.5233534,"Frampton Street, Paddington"
239,-0.138019439,51.52443845,"Warren Street Station, Euston"
240,-0.10569204,51.50545935,"Colombo Street, Southwark"
242,-0.151359288,51.52200801,"Beaumont Street, Marylebone"
243,-0.139625122,51.49096258,"Gloucester Street, Pimlico"
244,-0.128585022,51.51611887,"Earnshaw Street , Covent Garden"
245,-0.142207481,51.4853572,"Grosvenor Road, Pimlico"
246,-0.099994052,51.52285301,"Berry Street, Clerkenwell"
247,-0.168314,51.530052,"St. John's Wood Church, The Regent's Park"
248,-0.170279555,51.50645179,"Triangle Car Park, Hyde Park"
249,-0.096191134,51.49859784,"Harper Road, The Borough"
250,-0.162727,51.489932,"Royal Avenue 1, Chelsea"
251,-0.079249,51.518908,"Brushfield Street, Liverpool Street"
252,-0.116542278,51.5046364,"Jubilee Gardens, South Bank"
253,-0.086379717,51.53404294,"Shoreditch Park, Hoxton"
254,-0.106408455,51.53051587,"Chadwell Street, Angel"
255,-0.179592915,51.52557531,"Clifton Road, Maida Vale"
256,-0.116764211,51.51362054,"Houghton Street, Strand"
257,-0.154907218,51.52248185,"Westminster University, Marylebone"
258,-0.178656971,51.50143293,"Kensington Gore, Knightsbridge"
260,-0.135580879,51.5136846,"Broadwick Street, Soho"
261,-0.191351186,51.5134891,"Princes Square, Bayswater"
262,-0.103132904,51.49874469,"LSBU (Borough Road), Elephant & Castle"
263,-0.080660083,51.51422502,"St. Mary Axe, Aldgate"
264,-0.109256828,51.52644342,"Tysoe Street, Clerkenwell"
265,-0.169249375,51.51595344,"Southwick Street, Paddington"
266,-0.180246101,51.50102668,"Queen's Gate (North), Kensington"
267,-0.132224622,51.49206037,"Regency Street, Westminster"
268,-0.144132875,51.49320445,"Belgrave Road, Victoria"
269,-0.089740764,51.50082346,"Empire Square, The Borough"
270,-0.122492418,51.4863434,"Kennington Lane Rail Bridge, Vauxhall"
271,-0.156285395,51.53583617,"London Zoo,  The Regent's Park"
272,-0.110699309,51.50144456,"Baylis Road, Waterloo"
273,-0.114686385,51.50613324,"Belvedere Road, South Bank"
274,-0.20528437,51.49671237,"Warwick Road, Olympia"
275,-0.092176447,51.52004497,"Barbican Centre, Barbican"
276,-0.084985356,51.50930161,"Lower Thames Street, Monument"
277,-0.191496313,51.50315739,"Kensington Church Street, Kensington"
278,-0.07962099,51.5034938,"Tooley Street, Bermondsey"
279,-0.176645823,51.51862243,"North Wharf Road, Paddington"
280,-0.162418,51.490083,"Royal Avenue 2, Chelsea"
281,-0.127575233,51.49580589,"Smith Square, Westminster"
284,-0.112031483,51.49914063,"Lambeth North Station, Waterloo"
286,-0.174653609,51.5272947,"St. John's Wood Road, St. John's Wood"
287,-0.128377673,51.52367314,"Bedford Way, Bloomsbury"
288,-0.147478734,51.49236962,"Elizabeth Bridge, Victoria"
289,-0.151296092,51.50923022,"South Audley Street, Mayfair"
290,-0.175488803,51.51678023,"Winsland Street, Paddington"
291,-0.138089062,51.48483991,"Claverton Street, Pimlico"
292,-0.165471605,51.49888404,"Montpelier Street, Knightsbridge"
293,-0.209494128,51.49815779,"Kensington Olympia Station, Olympia"
294,-0.135635511,51.488226,"St. George's Square, Pimlico"
295,-0.092762704,51.50029631,"Swan Street, The Borough"
296,-0.190603326,51.49363156,"Knaresborough Place, Earl's Court"
297,-0.106000855,51.49612799,"Geraldine Street, Elephant & Castle"
298,-0.074189225,51.50227992,"Curlew Street, Shad Thames"
299,-0.136928582,51.49398524,"Vincent Square, Westminster"
300,-0.172729559,51.50501351,"Serpentine Car Park, Hyde Park"
301,-0.148105415,51.51475963,"Marylebone Lane, Marylebone"
302,-0.216573,51.466907,"Putney Pier, Wandsworth"
303,-0.158456089,51.50295379,"Albert Gate, Hyde Park"
304,-0.16209757,51.51211869,"Cumberland Gate, Hyde Park"
305,-0.115853961,51.48677988,"Kennington Lane Tesco, Vauxhall"
306,-0.135025698,51.51816295,"Rathbone Street, Fitzrovia "
307,-0.187842717,51.50990837,"Black Lion Gate, Kensington Gardens"
308,-0.085666316,51.49907558,"Long Lane , Bermondsey"
309,-0.119047563,51.50963123,"Embankment (Savoy), Strand"
310,-0.116911864,51.4908679,"Black Prince Road, Vauxhall"
311,-0.140485596,51.51918144,"Foley Street, Fitzrovia"
312,-0.176770502,51.53088935,"Grove End Road, St. John's Wood"
313,-0.138072691,51.51734403,"Wells Street, Fitzrovia "
314,-0.083159352,51.50088934,"Tyers Gate, Bermondsey"
315,-0.153463612,51.52536703,"The Tennis Courts, The Regent's Park"
316,-0.141943703,51.49768448,"Cardinal Place, Victoria"
317,-0.093913472,51.49679128,"Dickens Square, Borough"
318,-0.138846453,51.51004801,"Sackville Street, Mayfair"
319,-0.088542771,51.52702563,"Baldwin Street, St. Luke's"
320,-0.139956043,51.49357351,"Queen Mother Sports Centre, Victoria"
321,-0.081608045,51.49785559,"Bermondsey Street, Bermondsey"
322,-0.073955,51.526293,"Palissy Street, Shoreditch"
323,-0.083067,51.523196,"Clifton Street, Shoreditch"
324,-0.101384068,51.49652013,"Ontario Street, Elephant & Castle"
325,-0.129697889,51.50908747,"St. Martin's Street, West End"
326,-0.099981142,51.53266186,"Graham Street, Angel"
327,-0.085603,51.53095,"New North Road 1, Hoxton"
328,-0.086016,51.53114,"New North Road 2, Hoxton"
329,-0.160854428,51.53589283,"Prince Albert Road, The Regent's Park"
330,-0.179135079,51.51641749,"Eastbourne Mews, Paddington"
331,-0.089887855,51.52085887,"Bunhill Row, Moorgate"
332,-0.194757949,51.49334336,"Nevern Place, Earl's Court"
333,-0.193764092,51.50860544,"Palace Gardens Terrace, Notting Hill"
334,-0.115851,51.505044,"Concert Hall Approach 1, South Bank"
335,-0.120718759,51.51196803,"Tavistock Street, Covent Garden"
336,-0.115533,51.504942,"Concert Hall Approach 2, South Bank"
337,-0.197524944,51.51108452,"Pembridge Villas, Notting Hill"
338,-0.119643424,51.51175646,"Wellington Street , Strand"
339,-0.111781191,51.5333196,"Risinghill Street, Angel"
340,-0.087587447,51.51444134,"Bank of England Museum, Bank"
341,-0.12602103,51.50810309,"Craven Street, Strand"
343,-0.150181444,51.53692216,"London Zoo Car Park, The Regent's Park"
344,-0.10102611,51.528246,"Goswell Road (City Uni), Finsbury"
345,-0.166878535,51.48802358,"Flood Street, Chelsea"
347,-0.113936001,51.50013942,"Lower Marsh, Waterloo"
348,-0.150481272,51.51217033,"Grosvenor Square, Mayfair"
349,-0.142783033,51.51196,"St. George Street, Mayfair"
350,-0.179854184,51.50171544,"Queen's Gate, Kensington Gardens"
351,-0.097122,51.529423,"Macclesfield Rd, St Lukes"
352,-0.116625,51.486965,"Vauxhall Street, Vauxhall"
353,-0.134234258,51.49459148,"Greycoat Street , Westminster"
354,-0.123702,51.506767,"Northumberland Avenue, Strand"
355,-0.117286,51.486575,"Oval Way, Vauxhall"
356,-0.173881,51.494412,"South Kensington Station, South Kensington"
357,-0.139016,51.520994,"Howland Street, Fitzrovia"
358,-0.124332175,51.51643491,"High Holborn , Covent Garden"
359,-0.135440826,51.49782999,"Butler Place, Westminster"
360,-0.138733562,51.49675303,"Howick Place, Westminster"
361,-0.11342628,51.50391972,"Waterloo Station 2, Waterloo"
362,-0.133952,51.536264,"Royal College Street, Camden Town"
363,-0.171185285,51.5291212,"Lord's, St. John's Wood"
364,-0.132339,51.519656,"Alfred Place, Bloomsbury"
365,-0.100168,51.530344,"City Road, Angel"
366,-0.151126385,51.5109193,"Millennium Hotel, Mayfair"
367,-0.1642075,51.5173721,"Harrowby Street, Marylebone"
368,-0.15934065,51.50024195,"Harriet Street, Knightsbridge"
370,-0.174593,51.520205,"Paddington Green, Paddington"
371,-0.10988,51.49775,"King Edward Walk, Waterloo"
372,-0.117863,51.515208,"Sardinia Street, Holborn"
373,-0.176415994,51.49980661,"Prince Consort Road, Knightsbridge"
374,-0.11386435,51.50402793,"Waterloo Station 1, Waterloo"
375,-0.194392952,51.50194596,"Kensington Town Hall, Kensington"
376,-0.125674815,51.49188409,"Millbank Tower, Pimlico"
377,-0.113656543,51.50535447,"Waterloo Bridge, South Bank"
378,-0.179077626,51.49559291,"Natural History Museum, South Kensington"
379,-0.200838199,51.51431171,"Turquoise Island, Notting Hill"
380,-0.150666888,51.50686435,"Stanhope Gate, Mayfair"
381,-0.13577731,51.51953043,"Charlotte Street, Fitzrovia"
382,-0.14744969,51.50935171,"Farm Street, Mayfair"
383,-0.13121385,51.51310333,"Frith Street, Soho"
384,-0.192404,51.496481,"Marloes Road, Kensington"
386,-0.130110822,51.51352755,"Moor Street, Soho"
387,-0.121394101,51.49369988,"Fire Brigade Pier, Vauxhall"
388,-0.121723604,51.51070161,"Southampton Street, Strand"
389,-0.155757901,51.51013066,"Upper Grosvenor Street, Mayfair"
390,-0.068856,51.521776,"Buxton Street 1, Shoreditch"
391,-0.142345694,51.51066202,"Clifford Street, Mayfair"
392,-0.179702476,51.49942855,"Imperial College, Knightsbridge"
393,-0.103604248,51.51733427,"Snow Hill, Farringdon"
394,-0.176268,51.524826,"Aberdeen Place, St. John's Wood"
395,-0.159919,51.492462,"Cadogan Gardens, Chelsea"
396,-0.163609,51.51809,"Shouldham Street, Marylebone"
397,-0.17977,51.51348,"Devonshire Terrace, Bayswater"
398,-0.200742,51.502319,"Holland Park, Kensington"
399,-0.071653961,51.52261762,"Brick Lane Market, Shoreditch"
400,-0.154106,51.517703,"George Street, Marylebone"
401,-0.075375,51.528187,"Columbia Road, Shoreditch"
402,-0.171681991,51.52289229,"Penfold Street, Marylebone"
403,-0.158249929,51.51689296,"George Place Mews, Marylebone"
404,-0.184400221,51.50204238,"Palace Gate, Kensington Gardens"
405,-0.18267094,51.49418566,"Gloucester Road Station, South Kensington"
406,-0.160785,51.51222,"Speakers' Corner 2, Hyde Park"
407,-0.159988,51.512303,"Speakers' Corner 1, Hyde Park"
408,-0.170704337,51.51994326,"Paddington Green Police Station, Paddington"
409,-0.099828,51.493146,"Strata, Elephant & Castle"
410,-0.169774,51.519968,"Edgware Road Station, Marylebone"
411,-0.09968067,51.49337264,"Walworth Road, Elephant & Castle"
412,-0.110121,51.488105,"Cleaver Street, Kennington"
419,-0.149004,51.485821,"Chelsea Bridge, Pimlico"
420,-0.105312,51.504043,"Southwark Station 1, Southwark"
421,-0.104778,51.504044,"Southwark Station 2, Southwark"
423,-0.15393398,51.49456127,"Eaton Square (South), Belgravia"
424,-0.149186,51.490491,"Ebury Bridge, Pimlico"
425,-0.139159,51.533379,"Harrington Square 2, Camden Town"
426,-0.129925,51.493072,"Vincent Street, Pimlico"
427,-0.09294031,51.51397065,"Cheapside, Bank"
428,-0.174554,51.499917,"Exhibition Road, Knightsbridge"
430,-0.17524,51.48902,"South Parade, Chelsea"
431,-0.122203,51.534474,"Crinan Street, King's Cross"
432,-0.173894,51.496957,"Exhibition Road Museums, South Kensington"
433,-0.116279,51.524564,"Wren Street, Holborn"
435,-0.105593,51.488852,"Kennington Station, Kennington"
436,-0.11655,51.51824,"Red Lion Street, Holborn"
437,-0.120903,51.488124,"Vauxhall Walk, Vauxhall"
439,-0.118677,51.5338,"Killick Street, King's Cross"
440,-0.113134,51.483145,"Kennington Oval, Oval"
441,-0.114605,51.495656,"Sail Street, Vauxhall"
442,-0.211358,51.510101,"Walmer Road, Avondale"
443,-0.058641,51.515256,"Philpot Street, Whitechapel"
444,-0.055312,51.52568,"Bethnal Green Garden, Bethnal Green"
445,-0.065076,51.52388,"Cheshire Street, Bethnal Green"
446,-0.055894,51.528936,"York Hall, Bethnal Green"
447,-0.007542,51.493381,"Jubilee Crescent, Cubitt Town"
448,-0.02296,51.50623,"Fisherman's Walk West, Canary Wharf"
449,-0.057159,51.511088,"Shadwell Station, Shadwell"
450,-0.053177,51.515975,"Jubilee Street, Stepney"
451,-0.063531,51.504719,"Hermitage Court, Wapping"
452,-0.070542,51.505697,"St. Katharine's Way, Tower"
453,-0.055167,51.508447,"Garnet Street, Shadwell"
454,-0.021582,51.487679,"Napier Avenue, Millwall"
455,-0.014409,51.49447,"East Ferry Road, Cubitt Town"
456,-0.144664,51.538071,"Parkway, Camden Town"
457,-0.145393,51.542138,"Castlehaven Road, Camden Town"
458,-0.057544,51.504749,"Wapping Lane, Wapping"
459,-0.03338,51.535179,"Gunmakers Lane, Old Ford"
460,-0.029138,51.516196,"Burdett Road, Mile End"
461,-0.038775,51.516,"Aston Street, Stepney"
462,-0.138853,51.541603,"Bonny Street, Camden Town"
463,-0.071881,51.534776,"Thurtle Road, Haggerston"
464,-0.052099,51.51417,"St. Mary & St. Michael Church, Stepney"
465,-0.08249,51.53558,"Pitfield Street North,Hoxton"
466,-0.076341,51.534464,"Whiston Road, Haggerston"
467,-0.030556,51.523538,"Southern Grove, Bow"
468,-0.022694,51.521564,"Cantrell Road, Bow"
469,-0.020467,51.513757,"Lindfield Street, Poplar"
470,-0.025492,51.530535,"Mostyn Grove, Bow"
471,-0.028155,51.533283,"Hewison Street, Old Ford"
472,-0.027616,51.529452,"Malmesbury Road, Bow"
473,-0.019355,51.496137,"Millharbour, Millwall"
474,-0.011457,51.498125,"Castalia Square, Cubitt Town"
475,-0.020157,51.499041,"Lightermans Road, Millwall"
476,-0.009205,51.489096,"Stebondale Street, Cubitt Town"
477,-0.018716,51.49109,"Spindrift Avenue, Millwall"
479,-0.058005,51.527152,"Pott Street, Bethnal Green"
480,-0.0389866,51.5128711,"Flamborough Street, Limehouse"
481,-0.009001,51.487129,"Saunders Ness Road, Cubitt Town"
482,-0.02377,51.509843,"Thornfield House, Poplar"
483,-0.047784,51.51328,"Albert Gardens, Stepney"
484,-0.013258,51.528828,"Bromley High Street, Bow"
485,-0.048017,51.531127,"Old Ford Road, Bethnal Green"
486,-0.069543,51.525645,"Granby Street, Shoreditch"
487,-0.025626,51.511811,"Canton Street, Poplar"
488,-0.058681,51.506946,"Reardon Street, Wapping"
489,-0.064094,51.513074,"Christian Street, Whitechapel"
490,-0.065006,51.508622,"Pennington Street, Wapping"
494,-0.016251,51.50196,"South Quay East, Canary Wharf"
496,-0.015578,51.52512,"Devons Road, Bow"
498,-0.025296,51.527058,"Bow Road Station, Bow"
499,-0.021345,51.519265,"Furze Green, Bow"
501,-0.054883,51.522561,"Cephas Street, Bethnal Green"
504,-0.009506,51.496454,"St. John's Park, Cubitt Town"
505,-0.026768,51.520398,"Ackroyd Drive, Bow"
506,-0.075855,51.517475,"Bell Lane, Liverpool Street"
507,-0.059091,51.528692,"Clarkson Street, Bethnal Green"
508,-0.074431,51.519362,"Fournier Street, Whitechapel"
509,-0.090075,51.517842,"Fore Street, Guildhall"
510,-0.025996,51.509303,"Westferry DLR, Limehouse"
511,-0.053558,51.511066,"Sutton Street, Shadwell"
512,-0.06142,51.532091,"Pritchard's Road, Bethnal Green"
513,-0.055656,51.5142228,"Watney Market, Stepney"
514,-0.155525,51.516204,"Portman Square, Marylebone"
515,-0.211316,51.500088,"Russell Gardens, Olympia"
516,-0.014438,51.5112,"Chrisp Street Market, Poplar"
517,-0.033085,51.532513,"Ford Road, Old Ford"
518,-0.037471,51.528224,"Antill Road, Mile End"
519,-0.011662,51.518811,"Teviot Street, Poplar"
520,-0.047218,51.526041,"Bancroft Road, Bethnal Green"
521,-0.037366,51.534137,"Driffield Road, Old Ford"
522,-0.036017,51.525941,"Clinton Road, Mile End"
523,-0.013475,51.51549,"Langdon Park, Poplar"
524,-0.179668,51.511654,"Lancaster Gate , Bayswater"
526,-0.008428,51.503143,"Lancaster Drive, Blackwall"
527,-0.215808,51.503802,"Hansard Mews, Holland Park"
528,-0.145827,51.507326,"Clarges Street, Mayfair"
529,-0.170983,51.486892,"Manresa Road, Chelsea"
530,-0.012413,51.508896,"Newby Place, Poplar"
531,-0.042744,51.530326,"Twig Folly Bridge, Mile End"
532,-0.020068,51.50357,"Jubilee Plaza, Canary Wharf"
533,-0.069743,51.528222,"Wellington Row, Bethnal Green"
534,-0.066035,51.531864,"Goldsmith's Row, Haggerston"
535,-0.147154,51.537349,"Gloucester Avenue, Camden Town"
536,-0.06992,51.53385,"Queensbridge Road, Haggerston"
537,-0.067937,51.51793,"Old Montague Street, Whitechapel"
538,-0.00699,51.508981,"Naval Row, Blackwall"
539,-0.075901,51.531091,"Hoxton Station, Hoxton"
540,-0.144466,51.528302,"Albany Street, The Regent's Park"
541,-0.142844,51.506613,"Green Park Station, Mayfair"
542,-0.033828,51.514115,"Salmon Lane, Limehouse"
543,-0.204666,51.509591,"Lansdowne Walk, Ladbroke Grove"
544,-0.102208,51.526153,"Percival Street, Finsbury"
545,-0.145246,51.539957,"Arlington Road, Camden Town"
546,-0.107987,51.517428,"New Fetter Lane, Holborn"
547,-0.002275,51.509474,"East India DLR, Blackwall"
548,-0.107913,51.498386,"Westminster Bridge Road, Elephant & Castle"
549,-0.104193,51.49605,"Gaywood  Street, Elephant & Castle"
550,-0.039264,51.521564,"Harford Street, Mile End"
551,-0.016233,51.503447,"Montgomery Square, Canary Wharf"
552,-0.056667,51.511542,"Watney Street, Shadwell"
553,-0.062546,51.535678,"Regent's Row , Haggerston "
554,-0.005659,51.513548,"Aberfeldy Street, Poplar"
555,-0.219712,51.509424,"Westfield Eastern Access Road, Shepherd's Bush"
556,-0.021596,51.502661,"Heron Quays DLR, Canary Wharf"
557,-0.0985,51.51601,"King Edward Street, St Pauls"
558,-0.127554,51.493978,"Page Street, Westminster"
559,-0.205991,51.501391,"Abbotsbury Road, Holland Park"
560,-0.205921,51.511624,"Ladbroke Grove Central, Ladbroke Grove"
561,-0.043371,51.518369,"Rectory Square, Stepney"
562,-0.12335,51.51746,"Bury Place, Holborn"
563,-0.009152,51.499286,"Preston's Road, Cubitt Town"
564,-0.117619,51.509943,"Somerset House, Strand"
565,-0.063386,51.521905,"Selby Street, Whitechapel"
566,-0.224103,51.509158,"Westfield Ariel Way, White City"
568,-0.18697,51.51616,"Bishop's Bridge Road West, Bayswater"
569,-0.08299,51.53213,"Pitfield Street Central, Hoxton"
570,-0.017676,51.503083,"Upper Bank Street, Canary Wharf"
571,-0.218337,51.506256,"Westfield Southern Terrace ,Shepherd's Bush"
572,-0.141728,51.539099,"Greenland Road, Camden Town"
573,-0.18119,51.485587,"Limerston Street, West Chelsea"
574,-0.09315,51.53356,"Eagle Wharf Road, Hoxton"
576,-0.022793,51.497304,"Alpha Grove, Millwall"
577,-0.047548,51.528869,"Globe Town Market, Bethnal Green"
578,-0.057133,51.527607,"Hollybush Gardens, Bethnal Green"
579,-0.093051,51.511246,"Queen Street 2, Bank"
580,-0.102996299,51.48692917,"Doddington Grove, Kennington"
581,-0.147983,51.519167,"New Cavendish Street, Marylebone"
583,-0.125978,51.497622,"Abingdon Green, Westminster"
584,-0.19096,51.51244,"Ilchester Gardens, Bayswater"
586,-0.014582,51.490645,"Mudchute DLR, Cubitt Town"
587,-0.08497,51.50964,"Monument Street, Monument"
588,-0.0801,51.52959,"Hoxton Street, Hoxton"
589,-0.179369,51.487196,"Drayton Gardens, West Chelsea"
590,-0.16862,51.53256,"Greenberry Street, St.John's Wood"
591,-0.2242237,51.506093,"Westfield Library Corner, Shepherd's Bush"
592,-0.18377,51.5171,"Bishop's Bridge Road East, Bayswater"
593,-0.11934,51.531066,"Northdown Street, King's Cross"
594,-0.117774,51.513875,"Kingsway Southbound, Strand"
595,-0.21985,51.493267,"Hammersmith Road, Hammersmith"
596,-0.199783,51.472817,"Parson's Green , Parson's Green"
597,-0.20782,51.473471,"Fulham Park Road, Fulham"
598,-0.228188,51.494499,"Southerton Road, Hammersmith"
599,-0.223616,51.485743,"Manbre Road, Hammersmith"
600,-0.124642,51.481747,"South Lambeth Road, Vauxhall"
601,-0.225787,51.514767,"BBC White City, White City"
602,-0.133972,51.472993,"Union Grove, Wandsworth Road"
603,-0.116493,51.477839,"Caldwell Street, Stockwell"
604,-0.138535,51.538792,"St Martins Close, Camden Town"
605,-0.163667,51.520331,"Seymour Place, Marylebone"
606,-0.210941,51.504199,"Addison Road, Holland Park"
607,-0.210279,51.468814,"Putney Bridge Station, Fulham"
608,-0.216493,51.491093,"Colet Gardens, Hammersmith"
609,-0.157788279,51.46512358,"Sugden Road, Clapham"
610,-0.172078187,51.48256792,"Danvers Street, West Chelsea"
611,-0.208486599,51.50646524,"Princedale Road , Holland Park"
612,-0.141812513,51.46925984,"Wandsworth Rd, Isley Court, Wandsworth Road"
613,-0.217400093,51.50403821,"Woodstock Grove, Shepherd's Bush"
614,-0.144690541,51.47817208,"Bradmead, Battersea Park"
615,-0.215895601,51.4768851,"Finlay Street, Fulham"
616,-0.209973497,51.48102131,"Aintree Street, Fulham"
617,-0.207842908,51.47107905,"Elysium Place, Fulham"
618,-0.193254007,51.47625965,"Eel Brook Common, Walham Green"
619,-0.197010096,51.4737636,"Irene Road, Parsons Green"
620,-0.167160736,51.47518024,"Surrey Lane, Battersea"
621,-0.187427294,51.46086446,"Wandsworth Town Station, Wandsworth"
622,-0.205535908,51.50748124,"Lansdowne Road, Ladbroke Grove"
623,-0.180791784,51.46193072,"Nantes Close, Clapham Junction"
624,-0.132102704,51.4729184,"Courland Grove, Wandsworth Road"
625,-0.149551631,51.47761941,"Queen's Circus, Battersea Park"
626,-0.20481514,51.48438657,"Normand Park, West Kensington"
627,-0.158230901,51.4687905,"Holden Street, Battersea"
628,-0.184318843,51.46881971,"William Morris Way, Sands End"
629,-0.190184054,51.45995384,"Morie Street, Wandsworth"
630,-0.126994068,51.47073264,"Clarence Walk, Stockwell"
631,-0.141770709,51.4795017,"Battersea Park Road, Nine Elms"
632,-0.163041605,51.47053858,"Sheepcote Lane, Battersea"
633,-0.209378594,51.48959104,"Vereker Road North, West Kensington"
634,-0.215804559,51.49434708,"Brook Green South, Brook Green"
635,-0.214428378,51.48606206,"Greyhound Road, Hammersmith"
636,-0.193502076,51.46706414,"South Park, Sands End"
637,-0.174691623,51.45787019,"Spencer Park, Wandsworth Common"
638,-0.169821175,51.46663393,"Falcon Road, Clapham Junction"
639,-0.202038682,51.48357068,"Coomer Place, West Kensington"
640,-0.148059277,51.47286577,"Silverthorne Road, Battersea"
641,-0.117495865,51.49824168,"Archbishop's Park, Waterloo"
642,-0.174485792,51.46916161,"Fawcett Close, Clapham Junction"
643,-0.204764421,51.5190427,"All Saints' Road, Portobello"
644,-0.223852256,51.48373225,"Rainville Road, Hammersmith"
645,-0.100292412,51.50173215,"Great Suffolk Street, The Borough"
646,-0.137424571,51.49886563,"Buckingham Gate, Westminster"
647,-0.217515071,51.50035306,"Richmond Way, Shepherd's Bush"
648,-0.19627483,51.46904022,"Peterborough Road, Sands End"
649,-0.18027465,51.48180515,"World's End Place, West Chelsea"
650,-0.213872396,51.51687069,"St. Mark's Road, North Kensington"
651,-0.183853573,51.48089844,"Thorndike Close, West Chelsea"
652,-0.218190203,51.51148696,"Evesham Street, Avondale"
653,-0.17070367,51.47084722,"Simpson Street, Clapham Junction"
654,-0.117661574,51.48267821,"Ashmole Estate, Oval"
655,-0.219346128,51.48294452,"Crabtree Lane, Fulham"
656,-0.199135704,51.46841875,"Broomhouse Lane, Parsons Green"
657,-0.221791552,51.4996806,"Blythe Road West, Shepherd's Bush"
658,-0.16478637,51.47729232,"Ethelburga Estate, Battersea Park"
659,-0.174619404,51.46437067,"Grant Road West, Clapham Junction"
660,-0.206029743,51.49087074,"West Kensington Station, West Kensington"
661,-0.202608612,51.51632095,"All Saints Church, Portobello"
662,-0.167919869,51.48498496,"Phene Street, Chelsea"
663,-0.211593602,51.51323001,"Clarendon Road, Avondale"
664,-0.155442787,51.474376,"Austin Road, Battersea Park"
665,-0.191722864,51.46108367,"Smugglers Way, Wandsworth"
666,-0.208158259,51.49610093,"Olympia Way, Olympia"
667,-0.222293381,51.5015946,"Shepherd's Bush Road North, Shepherd's Bush"
668,-0.236769936,51.49422354,"Ravenscourt Park Station, Hammersmith"
669,-0.1232585,51.47614939,"Teversham Lane, Stockwell"
670,-0.152248582,51.46718562,"Ashley Crescent, Battersea"
671,-0.201968,51.475089,"Parsons Green Station, Parsons Green"
672,-0.173656546,51.4646884,"Grant Road Central, Clapham Junction"
673,-0.18038939,51.46517078,"Hibbert Street, Clapham Junction"
674,-0.11619105,51.53546778,"Carnegie Street, King's Cross"
675,-0.182126248,51.46348914,"Usk Road, Clapham Junction"
676,-0.126874471,51.47787084,"Hartington Road, Stockwell"
677,-0.146544642,51.46866929,"Heath Road, Battersea"
678,-0.211468596,51.46231278,"Esmond Street, Putney"
679,-0.170210533,51.47453545,"Orbel Street, Battersea"
680,-0.170329317,51.47768469,"Westbridge Road, Battersea"
681,-0.214749808,51.47303687,"Bishop's Avenue, Fulham"
682,-0.22660621,51.48810829,"Crisp Road, Hammersmith"
683,-0.163750945,51.46506424,"Dorothy Road, Clapham Junction"
684,-0.195197203,51.45475251,"Neville Gill Close, Wandsworth"
685,-0.198735357,51.46067005,"Osiers Road, Wandsworth"
686,-0.222456468,51.48814438,"Beryl Road, Hammersmith"
687,-0.21145598,51.49760804,"Maclise Road, Olympia"
688,-0.20066766,51.46095151,"Northfields, Wandsworth"
689,-0.180884959,51.45922541,"Spanish Road, Clapham Junction"
690,-0.152130083,51.47047503,"Stanley Grove, Battersea"
691,-0.195777222,51.47946386,"Erin Close, Walham Green"
692,-0.028941601,51.54211855,"Cadogan Close, Victoria Park"
693,-0.215618902,51.464786,"Felsham Road, Putney"
694,-0.216526155,51.46071722,"Putney Rail Station, Putney"
695,-0.102757578,51.53638435,"Islington Green, Angel"
696,-0.217995921,51.48728535,"Charing Cross Hospital, Hammersmith"
697,-0.112721065,51.53639219,"Charlotte Terrace, Angel"
698,-0.070329419,51.53908372,"Shoreditch Court, Haggerston"
699,-0.07023031,51.5366541,"Belford House, Haggerston"
700,-0.174347066,51.47696496,"Battersea Church Road, Battersea"
701,-0.176267008,51.47287627,"Vicarage Crescent, Battersea"
702,-0.065550321,51.52868155,"Durant Street, Bethnal Green"
703,-0.10534448,51.51505991,"St. Bride Street, Holborn"
704,-0.202802098,51.45682071,"Mexfield Road, East Putney"
705,-0.212145939,51.45971528,"Upper Richmond Road, Putney"
706,-0.083632928,51.50215353,"Snowsfields, London Bridge"
707,-0.215087092,51.49021762,"Barons Court Station, West Kensington"
708,-0.21614583,51.46161068,"Disraeli Road, Putney"
709,-0.215550761,51.46321128,"Montserrat Road , Putney"
710,-0.163347594,51.47439218,"Albert Bridge Road, Battersea Park"
711,-0.216305546,51.48335692,"Everington Street, Fulham"
712,-0.034903714,51.51854104,"Mile End Stadium, Mile End"
713,-0.14326094,51.54100708,"Hawley Crescent, Camden Town"
714,-0.137235175,51.47311696,"Stewart's Road, Wandsworth Road"
715,-0.049067243,51.51563007,"Aylward Street, Stepney"
716,-0.02356501,51.51542791,"Stainsby Road , Poplar"
717,-0.075885686,51.53658514,"Dunston Road , Haggerston"
718,-0.060291813,51.53571683,"Ada Street, Hackney Central"
719,-0.054162264,51.53642464,"Victoria Park Road, Hackney Central"
720,-0.205279052,51.48724429,"Star Road, West Kensington"
721,-0.026262677,51.53603947,"Wendon Street, Old Ford"
722,-0.058631453,51.52458353,"Finnis Street, Bethnal Green"
723,-0.190346493,51.46822047,"Stephendale Road, Sands End"
724,-0.184806157,51.45799126,"Alma Road, Wandsworth"
725,-0.138748723,51.47732253,"Thessaly Road North, Wandsworth Road"
726,-0.150908371,51.47505096,"Alfreda Street, Battersea Park"
727,-0.20587627,51.47569809,"Chesilton Road, Fulham"
728,-0.206240805,51.46199911,"Putney Bridge Road, East Putney"
729,-0.208485293,51.47893931,"St. Peter's Terrace, Fulham"
730,-0.229116862,51.49208492,"Bridge Avenue, Hammersmith"
731,-0.189210466,51.47727637,"Michael Road, Walham Green"
732,-0.087262995,51.50630441,"Duke Street Hill, London Bridge"
733,-0.150817316,51.50542628,"Park Lane, Mayfair"
734,-0.175407201,51.46230566,"Plough Terrace, Clapham Junction"
735,-0.17302926,51.46489445,"Grant Road East, Clapham Junction"
736,-0.216104479,51.50659035,"Queensdale Road, Shepherd's Bush"
737,-0.19411695,51.47993289,"Fulham Broadway, Walham Green"
738,-0.187278987,51.47514228,"Imperial Road, Sands End"
739,-0.185273723,51.48176572,"Hortensia Road, West Brompton"
740,-0.214594781,51.51092871,"Sirdar Road, Avondale"
741,-0.219486603,51.5129814,"Freston Road, Avondale"
742,-0.208565479,51.51510818,"Blenheim Crescent, Ladbroke Grove"
743,-0.212607684,51.46079243,"Oxford Road, Putney"
744,-0.172293499,51.46745485,"Ingrave Street, Clapham Junction"
745,-0.18243547,51.47816972,"Upcerne Road, West Chelsea"
746,-0.17903854,51.4795738,"Lots Road, West Chelsea"
747,-0.161765173,51.48796408,"Ormonde Gate, Chelsea"
748,-0.079201849,51.53727795,"Hertford Road, De Beauvoir Town"
749,-0.074284675,51.53932857,"Haggerston Road, Haggerston "
750,-0.157850096,51.4710956,"Culvert Road, Battersea"
751,-0.120909408,51.51612862,"Newton Street, Covent Garden"
752,-0.20600248,51.45816465,"Manfred Road, East Putney"
753,-0.234094148,51.49263658,"Hammersmith Town Hall, Hammersmith"
754,-0.214762686,51.5129006,"Grenfell Road, Avondale"
755,-0.174971902,51.48512191,"The Vale, West Chelsea"
756,-0.159169801,51.47515398,"Prince of Wales Drive, Battersea Park"
757,-0.187404506,51.48795853,"Harcourt Terrace, West Brompton"
758,-0.201005397,51.51787005,"Westbourne Park Road, Portobello"
759,-0.165668686,51.52456169,"Broadley Terrace, Marylebone"
760,-0.163795009,51.52526975,"Rossmore Road, Marylebone"
761,-0.211860644,51.48321729,"Humbolt Road, Fulham"
762,-0.129698963,51.50070305,"Storey's Gate, Westminster"
763,-0.032566533,51.52059714,"Mile End Park Leisure Centre, Mile End"
764,-0.16829214,51.46239255,"St. John's Road, Clapham Junction"
765,-0.20682737,51.46760141,"Ranelagh Gardens, Fulham"
766,-0.192165613,51.45752945,"Ram Street, Wandsworth"
767,-0.200806304,51.45705988,"Santos Road, Wandsworth"
768,-0.159322467,51.46134382,"Clapham Common North side, Clapham Common"
769,-0.191803,51.473611,"Sandilands Road, Walham Green"
770,-0.209121,51.491026,"Gwendwr Road, West Kensington"
771,-0.216016,51.509224,"Rifle Place, Avondale"
772,-0.122831913,51.47250956,"Binfield Road, Stockwell"
773,-0.107349,51.511891,"Tallis Street, Temple"
774,-0.20464,51.470131,"Hurlingham Park, Parsons Green"
775,-0.223868,51.496664,"Little Brook Green, Brook Green"
776,-0.167029,51.460333,"Abyssinia Close, Clapham Junction"
777,-0.165297857,51.46192307,"Limburg Road, Clapham Junction"
779,-0.077178979,51.514449,"Houndsditch, Aldgate"
780,-0.18316517,51.474665,Imperial Wharf Station
